глясе;большой
раф;большой
эспрессо;маленький
капучино;средний
глясе;маленький
эспрессо;средний
латте;маленький
глясе;большой
капучино;маленький
латте;средний
мокачино;большой
глясе;средний
эспрессо;большой
эспрессо;маленький
капучино;большой
эспрессо;маленький
капучино;большой
капучино;большой
капучино;большой
эспрессо;большой
раф;средний
эспрессо;большой
глясе;средний
эспрессо;большой
эспрессо;большой
латте;большой
латте;средний
эспрессо;маленький
эспрессо;большой
раф;маленький
раф;маленький
капучино;большой
эспрессо;средний
эспрессо;большой
капучино;большой
латте;маленький
мокачино;маленький
раф;средний
мокачино;средний
латте;средний
эспрессо;средний
эспрессо;маленький
эспрессо;маленький
латте;маленький
эспрессо;маленький
раф;маленький
капучино;большой
глясе;средний
латте;маленький
глясе;средний
латте;маленький
эспрессо;большой
мокачино;маленький
эспрессо;маленький
капучино;большой
мокачино;маленький
капучино;маленький
эспрессо;маленький
латте;средний
латте;большой
раф;маленький
глясе;маленький
глясе;маленький
эспрессо;средний
глясе;большой
глясе;средний
эспрессо;средний
латте;средний
глясе;средний
капучино;маленький
капучино;большой
мокачино;средний
раф;средний
латте;большой
глясе;средний
эспрессо;средний
эспрессо;средний
латте;маленький
эспрессо;маленький
эспрессо;большой
раф;большой
эспрессо;маленький
мокачино;маленький
мокачино;большой
капучино;большой
раф;маленький
мокачино;маленький
капучино;маленький
латте;маленький
раф;средний
мокачино;большой
глясе;большой
раф;средний
капучино;средний
латте;средний
раф;средний
мокачино;большой
мокачино;средний
раф;средний
глясе;большой
латте;средний
латте;маленький
мокачино;средний
глясе;средний
глясе;средний
капучино;большой
капучино;маленький
капучино;средний
капучино;средний
мокачино;средний
раф;средний
раф;маленький
латте;маленький
латте;маленький
раф;маленький
глясе;большой
латте;большой
латте;средний
глясе;средний
раф;маленький
мокачино;большой
раф;средний
глясе;маленький
раф;средний
мокачино;средний
глясе;маленький
капучино;маленький
капучино;большой
мокачино;маленький
эспрессо;маленький
капучино;средний
глясе;маленький
мокачино;маленький
эспрессо;маленький
раф;средний
раф;большой
мокачино;маленький
мокачино;большой
раф;большой
эспрессо;большой
глясе;маленький
глясе;маленький
мокачино;средний
латте;маленький
эспрессо;маленький
раф;маленький
эспрессо;средний
глясе;средний
мокачино;маленький
капучино;средний
мокачино;средний
глясе;средний
раф;маленький
капучино;маленький
эспрессо;большой
капучино;маленький
эспрессо;большой
капучино;маленький
раф;средний
глясе;большой
эспрессо;средний
раф;большой
раф;большой
раф;средний
глясе;большой
капучино;большой
раф;средний
раф;средний
глясе;большой
эспрессо;средний
латте;большой
латте;маленький
мокачино;маленький
раф;средний
капучино;средний
латте;средний
глясе;маленький
эспрессо;большой
глясе;средний
латте;большой
капучино;средний
эспрессо;средний
мокачино;большой
эспрессо;большой
глясе;средний
эспрессо;средний
глясе;большой
латте;большой
раф;средний
раф;средний
эспрессо;средний
эспрессо;маленький
эспрессо;маленький
глясе;маленький
латте;маленький
